{"matrix": [[1.0000665187835693, 7.095932960510254e-05, -2.1345118511817418e-05, -0.003717055544257164], [-5.078513640910387e-05, 0.8661304116249084, 0.4999511241912842, -47.90135955810547], [5.396026244852692e-05, -0.4999511241912842, 0.8661304116249084, 27.298852920532227], [0, 0, 0, 1]], "inv_matrix": [[0.9999334812164307, -5.07783806824591e-05, 5.395308471634053e-05, -0.00018840267148334533], [7.094988541211933e-05, 0.8660151958465576, -0.49988463521003723, 55.12958526611328], [-2.1342279069358483e-05, 0.49988463521003723, 0.8660151958465576, 0.30393096804618835], [0, 0, 0, 1]]}