{"matrix": [[0.6667492985725403, -5.216583758738125e-06, -4.506969344220124e-05, -0.5024220943450928], [5.216194495005766e-06, 0.6667492985725403, -5.761130978498841e-06, -0.005036916118115187], [4.5069740735925734e-05, 5.760778549301904e-06, 0.6667492985725403, -0.5135171413421631], [0, 0, 0, 1]], "inv_matrix": [[1.4998141527175903, 1.1733529390767217e-05, 0.00010138178913621232, 0.7535918951034546], [-1.1734405234165024e-05, 1.4998141527175903, 1.2958539628016297e-05, 0.0075551969930529594], [-0.00010138168727280572, -1.2959332707396243e-05, 1.4998141527175903, 0.7701292634010315], [0, 0, 0, 1]]}